Code,Zero_Shot_Prompt,Few_Shot_Prompt,Zero_Shot_Result - ChatGPT,Few_Shot_Result - ChatGPT
"public Map<String, Integer> countWordFrequency(List<String> words) { Map<String, Integer> freqMap = new HashMap<>(); for (String word : words) { freqMap.put(word, freqMap.getOrDefault(word, 0) + 1); } return freqMap; }",Summarizethefunctionality of the following method:,"Example: Code: def add(a, b): return a + b Summary: This function returns the sum of two numbers.","The method `countWordFrequency` takes a list of strings (`words`) as input and counts the frequency of each word in that list. It uses a `HashMap` to store the words as keys and their corresponding counts as values. 

Here's a breakdown of its functionality:

1. **Initialization**: A new `HashMap` named `freqMap` is created to hold the word frequencies.
2. **Iteration**: The method iterates through each word in the provided list.
3. **Counting**: For each word, it updates the count in the map:
   - It uses `getOrDefault` to retrieve the current count of the word (or 0 if the word is not already in the map).
   - It increments this count by 1 and puts the updated count back into the map.
4. **Return Value**: After processing all words, the method returns the `freqMap`, which contains the frequency of each word in the input list.

In summary, the method efficiently counts how many times each word appears in the given list and returns a map with the results.",Summary: This method takes a list of words as input and returns a map that contains each unique word and its corresponding frequency count in the list.
"def sum_range(start, end): total = 0 for i in range(start, end): total += i return total",Identify and fix the off-by-one error in this function:,Example: Code: def count(n): return [i for i in range(n+1)] Fix: Ensure the range does not include n if unintended. Corrected Code: def count(n): return [i for i in range(n)] ,"The function `sum_range` you've provided sums integers from `start` to `end`, but it currently does not include the `end` value in the sum because the `range` function in Python is exclusive of the `end` value. If you want to include the `end` value in the sum, you need to adjust the `range` function to go up to `end + 1`. Here's the corrected version of the function:

```python
def sum_range(start, end):
    total = 0
    for i in range(start, end + 1):  # Include end by using end + 1
        total += i
    return total
```

Now, the function will correctly sum all integers from `start` to `end`, inclusive.","The function `sum_range(start, end)` currently sums all integers from `start` up to, but not including, `end`. If the intention is to include `end` in the sum, then there is an off-by-one error. The `range` function in Python is exclusive of the upper bound, which means it does not include `end`.

To fix this, you can modify the `range` function to include `end` by changing it to `range(start, end + 1)`. Here’s the corrected code:

```python
def sum_range(start, end):
    total = 0
    for i in range(start, end + 1):  # Include 'end' in the range
        total += i
    return total
```

### Summary of changes:
- Changed `range(start, end)` to `range(start, end + 1)` to include the `end` value in the summation."
int* getArray(int size) { int arr[size]; // Warning: local array return arr; // Bug: returning pointer to local variable },Classify the type of bug in the following C++ function:,Example: Code: int arr[5]; arr[5] = 10; Bug Type: Buffer Overflow ,"The type of bug in the provided C++ function can be classified as a **use-after-return** bug, specifically due to the returning of a pointer to a local variable that goes out of scope once the function exits.

### Explanation:
1. **Local Array**: The function defines a local array `arr` with a size specified by the `size` parameter. This array is allocated on the stack.
2. **Returning Pointer**: The line `return arr;` attempts to return a pointer to this local array.
3. **Scope Issue**: Once the function `getArray` returns, the local variable `arr` is destroyed, and the memory it occupied is no longer valid. Therefore, the pointer returned points to a memory location that is no longer valid, leading to undefined behavior if the caller tries to access the array through that pointer.

### Consequences:
Using the returned pointer can lead to various issues, such as:
- Accessing garbage values
- Crashes due to segmentation faults
- Data corruption if the memory is overwritten by other parts of the program

### Solution:
To fix this issue, you could allocate the array dynamically on the heap using `new` and return the pointer to that allocation, or use a standard container like `std::vector` that manages memory automatically. Here’s an example of using `std::vector`:

```cpp
#include <vector>

std::vector<int> getArray(int size) {
    return std::vector<int>(size);
}
```

This way, the memory management is handled by the `std::vector` class, and you avoid the issue of returning a pointer to a local variable.","Code: 
```cpp
int* getArray(int size) { 
    int arr[size]; // Warning: local array 
    return arr; // Bug: returning pointer to local variable 
}
```

Bug Type: Returning Pointer to a Local Variable (Dangling Pointer)

### Explanation:
In the provided function, `arr` is a local variable (a local array) that is allocated on the stack. When the function returns, the local variable goes out of scope, and the memory it occupied may no longer be valid. The pointer returned by the function points to this local array, leading to a dangling pointer. Accessing this pointer after the function has returned can result in undefined behavior."
def is_valid_email(email): # TODO: Complete using regex pass,Complete the function using regex to validate basic email addresses:,"Example: Code: import re def extract_dates(text): pattern = r'\b\d{4}-\d{2}-\d{2}\b' return re.findall(pattern, text)","To validate basic email addresses using regular expressions (regex), you can use the `re` module in Python. Below is the completed function `is_valid_email` that checks if the provided email address is in a valid format.

Here's a simple implementation:

```python
import re

def is_valid_email(email):
    # Define the regex pattern for a basic email validation
    pattern = r'^[a-zA-Z0-9._%+-]+@[a-zA-Z0-9.-]+\.[a-zA-Z]{2,}$'
    
    # Use re.match to check if the email matches the pattern
    if re.match(pattern, email):
        return True
    else:
        return False

# Example usage
print(is_valid_email(""test@example.com""))  # Should return True
print(is_valid_email(""invalid-email@.com""))  # Should return False
```

### Explanation of the regex pattern:
- `^`: Asserts the start of the string.
- `[a-zA-Z0-9._%+-]+`: Matches one or more characters that can be letters, numbers, dots, underscores, percent signs, pluses, or hyphens (the local part of the email).
- `@`: Matches the '@' symbol.
- `[a-zA-Z0-9.-]+`: Matches one or more characters that can be letters, numbers, dots, or hyphens (the domain part before the top-level domain).
- `\.`: Matches the dot before the top-level domain.
- `[a-zA-Z]{2,}`: Matches at least two letters for the top-level domain.
- `$`: Asserts the end of the string.

This regex pattern covers a wide range of valid email formats. However, email validation can get quite complex due to various valid formats, so for more comprehensive validation, you may consider using libraries like `email-validator`.","To complete the `is_valid_email` function using regex, we can create a pattern that matches the general structure of a valid email address. A typical email format consists of a local part, the ""@"" symbol, and a domain part. The local part can include letters, numbers, dots, hyphens, and underscores, while the domain part typically includes letters, numbers, and dots.

Here's a simple regex pattern to validate basic email addresses:

```python
import re

def is_valid_email(email):
    # Basic regex pattern for validating an email address
    pattern = r'^[a-zA-Z0-9._%+-]+@[a-zA-Z0-9.-]+\.[a-zA-Z]{2,}$'
    return re.match(pattern, email) is not None

# Example usage:
print(is_valid_email(""test@example.com""))  # Should return True
print(is_valid_email(""invalid-email.com""))  # Should return False
```

### Explanation of the Regex Pattern:
- `^` asserts the start of the string.
- `[a-zA-Z0-9._%+-]+` matches one or more characters that can be letters (both uppercase and lowercase), digits, dots, underscores, percent signs, plus signs, and hyphens (the local part).
- `@` matches the ""@"" symbol that separates the local part from the domain.
- `[a-zA-Z0-9.-]+` matches one or more characters for the domain name, which can include letters, digits, dots, and hyphens.
- `\.` matches the literal dot before the top-level domain.
- `[a-zA-Z]{2,}` matches the top-level domain which must be at least two characters long (like .com, .org, etc.).
- `$` asserts the end of the string.

This regex should cover most common email formats, but note that email validation can be complex, and this approach may not cover all edge cases defined by the official standards."
"from flask import Flask, jsonify app = Flask(__name__) @app.route('/greet/<username>') def greet(username): # TODO: Return a JSON greeting pass",)Create a'/greet/<username>'endpoint that returns a JSON greeting:,"Example: Code: from flask import Flask app = Flask(__name__) @app.route('/hello/<name>') def greet(name): return f'Hello, {name}","To create a Flask endpoint that returns a JSON greeting, you need to modify the `greet` function to return a JSON object containing a greeting message. Here's how you can implement this:

```python
from flask import Flask, jsonify

app = Flask(__name__)

@app.route('/greet/<username>')
def greet(username):
    # Create a JSON response with a greeting message
    greeting_message = f""Hello, {username}!""
    return jsonify(message=greeting_message)

if __name__ == '__main__':
    app.run(debug=True)
```

### Explanation:

1. **Importing Libraries**:
   - `Flask`: The main class for creating a Flask application.
   - `jsonify`: A helper function to create a JSON response.

2. **Creating the Flask Application**:
   - `app = Flask(__name__)`: Initializes the Flask application.

3. **Defining the Route**:
   - `@app.route('/greet/<username>')`: This decorator defines a route that accepts a username as part of the URL.

4. **Defining the `greet` Function**:
   - The `greet` function takes `username` as an argument.
   - It constructs a greeting message using the provided username.
   - `return jsonify(message=greeting_message)`: This returns a JSON response containing the greeting message.

5. **Running the Application**:
   - `app.run(debug=True)`: Runs the Flask application in debug mode, which is helpful during development.

### Example Usage:

- If you run the Flask app and navigate to `http://127.0.0.1:5000/greet/John`, you will receive a JSON response like this:

```json
{
    ""message"": ""Hello, John!""
}
```

Make sure you have Flask installed in your Python environment. You can install it using pip if you haven't done so already:

```bash
pip install Flask
```","To create a Flask endpoint that returns a JSON greeting, you'll need to modify the provided code snippet to include the `jsonify` function from Flask, which allows you to return JSON responses. Below is an example of how to implement the `/greet/<username>` endpoint:

```python
from flask import Flask, jsonify

app = Flask(__name__)

@app.route('/greet/<username>')
def greet(username):
    # Create a JSON response with a greeting
    return jsonify({""greeting"": f""Hello, {username}!""})

if __name__ == '__main__':
    app.run(debug=True)
```

### Explanation
- **Flask Setup**: We start by importing `Flask` and `jsonify` from the `flask` module and creating an instance of the `Flask` class.
- **Endpoint Definition**: The `@app.route('/greet/<username>')` decorator defines a route that captures the `username` from the URL.
- **Response Creation**: Inside the `greet` function, we use `jsonify` to create a JSON response that includes the greeting message.
- **Running the App**: The app runs on the default Flask development server when executed directly.

### How to Test
1. Save the code to a file, for example, `app.py`.
2. Run the application using the command:
   ```bash
   python app.py
   ```
3. Open your web browser or use a tool like `curl` or Postman to access the endpoint:
   ```
   http://127.0.0.1:5000/greet/YourUsername
   ```
   Replace `YourUsername` with any name you want to test.

You should see a JSON response like:
```json
{""greeting"": ""Hello, YourUsername!""}
```"
"--TODO: Design schema with appropriate keys and constraints--Tables: users(id, name), books(id, title), reviews(id, user_id, book_id, rating)","Write the schema for a review app with users, books, and reviews:","""Example Code for to do list schema: -- Users table CREATE TABLE users (id INT PRIMARY KEY, username VARCHAR(50) NOT NULL UNIQUE, email VARCHAR(100) NOT NULL UNIQUE); -- Tasks table CREATE TABLE tasks (id INT PRIMARY KEY, user_id INT NOT NULL,title VARCHAR(255) NOT NULL, description TEXT, due_date DATE, completed BOOLEAN DEFAULT FALSE,FOREIGN KEY (user_id) REFERENCES users(id));""","Certainly! Below is a proposed schema for a review app that includes tables for users, books, and reviews. The schema includes appropriate keys, constraints, and data types for each field.

### Schema Design

#### Users Table
- **Table Name**: `users`
- **Description**: Stores information about the users of the app.

```sql
CREATE TABLE users (
    id SERIAL PRIMARY KEY,              -- Unique identifier for each user
    name VARCHAR(255) NOT NULL,         -- Name of the user, cannot be null
    email VARCHAR(255) UNIQUE NOT NULL, -- Email should be unique and cannot be null
    created_at TIMESTAMP DEFAULT CURRENT_TIMESTAMP,  -- Timestamp for when the user was created
    updated_at TIMESTAMP DEFAULT CURRENT_TIMESTAMP ON UPDATE CURRENT_TIMESTAMP  -- Timestamp for when the user was last updated
);
```

#### Books Table
- **Table Name**: `books`
- **Description**: Stores information about the books available for review.

```sql
CREATE TABLE books (
    id SERIAL PRIMARY KEY,               -- Unique identifier for each book
    title VARCHAR(255) NOT NULL,         -- Title of the book, cannot be null
    author VARCHAR(255) NOT NULL,        -- Author of the book, cannot be null
    published_date DATE,                 -- Optional published date of the book
    created_at TIMESTAMP DEFAULT CURRENT_TIMESTAMP,  -- Timestamp for when the book was created
    updated_at TIMESTAMP DEFAULT CURRENT_TIMESTAMP ON UPDATE CURRENT_TIMESTAMP  -- Timestamp for when the book was last updated
);
```

#### Reviews Table
- **Table Name**: `reviews`
- **Description**: Stores reviews submitted by users for books.

```sql
CREATE TABLE reviews (
    id SERIAL PRIMARY KEY,                -- Unique identifier for each review
    user_id INT NOT NULL,                 -- Foreign key referencing users
    book_id INT NOT NULL,                 -- Foreign key referencing books
    rating INT CHECK (rating >= 1 AND rating <= 5),  -- Rating must be between 1 and 5
    review_text TEXT,                     -- Optional text feedback for the review
    created_at TIMESTAMP DEFAULT CURRENT_TIMESTAMP,  -- Timestamp for when the review was created
    updated_at TIMESTAMP DEFAULT CURRENT_TIMESTAMP ON UPDATE CURRENT_TIMESTAMP,  -- Timestamp for when the review was last updated
    FOREIGN KEY (user_id) REFERENCES users(id) ON DELETE CASCADE,  -- If a user is deleted, their reviews are also deleted
    FOREIGN KEY (book_id) REFERENCES books(id) ON DELETE CASCADE,  -- If a book is deleted, its reviews are also deleted
    UNIQUE (user_id, book_id)             -- Ensure a user can only submit one review per book
);
```

### Additional Considerations
1. **Indexes**: You may want to create indexes on `user_id` and `book_id` in the `reviews` table for faster lookups.
2. **Soft Deletes**: Consider adding a `deleted_at` timestamp column if you want to implement soft deletes for users, books, or reviews.
3. **User Authentication**: If you plan to implement user authentication, consider adding password fields and related security measures.
4. **Data Integrity**: Ensure that all foreign key relationships enforce data integrity and that cascading deletes behave as expected.

This schema provides a solid foundation for a review application, allowing users to review books while ensuring data integrity and efficient querying.","Here is a schema for a review app that includes tables for users, books, and reviews, incorporating appropriate keys and constraints:

```sql
-- Users table
CREATE TABLE users (
    id INT PRIMARY KEY AUTO_INCREMENT,
    username VARCHAR(50) NOT NULL UNIQUE,
    email VARCHAR(100) NOT NULL UNIQUE,
    created_at TIMESTAMP DEFAULT CURRENT_TIMESTAMP,
    updated_at TIMESTAMP DEFAULT CURRENT_TIMESTAMP ON UPDATE CURRENT_TIMESTAMP
);

-- Books table
CREATE TABLE books (
    id INT PRIMARY KEY AUTO_INCREMENT,
    title VARCHAR(255) NOT NULL,
    author VARCHAR(100),
    published_date DATE,
    created_at TIMESTAMP DEFAULT CURRENT_TIMESTAMP,
    updated_at TIMESTAMP DEFAULT CURRENT_TIMESTAMP ON UPDATE CURRENT_TIMESTAMP
);

-- Reviews table
CREATE TABLE reviews (
    id INT PRIMARY KEY AUTO_INCREMENT,
    user_id INT NOT NULL,
    book_id INT NOT NULL,
    rating INT CHECK (rating >= 1 AND rating <= 5),
    review_text TEXT,
    created_at TIMESTAMP DEFAULT CURRENT_TIMESTAMP,
    updated_at TIMESTAMP DEFAULT CURRENT_TIMESTAMP ON UPDATE CURRENT_TIMESTAMP,
    FOREIGN KEY (user_id) REFERENCES users(id) ON DELETE CASCADE,
    FOREIGN KEY (book_id) REFERENCES books(id) ON DELETE CASCADE,
    UNIQUE (user_id, book_id)  -- Ensure a user can only review a book once
);
```

### Explanation of the Schema:

- **Users Table**:
  - `id`: Unique identifier for each user, set to auto-increment.
  - `username`: Unique username for each user.
  - `email`: Unique email for each user.
  - `created_at`: Timestamp for when the user was created.
  - `updated_at`: Timestamp for when the user was last updated.

- **Books Table**:
  - `id`: Unique identifier for each book, set to auto-increment.
  - `title`: Title of the book.
  - `author`: Author of the book (optional field).
  - `published_date`: Date when the book was published (optional field).
  - `created_at`: Timestamp for when the book entry was created.
  - `updated_at`: Timestamp for when the book entry was last updated.

- **Reviews Table**:
  - `id`: Unique identifier for each review, set to auto-increment.
  - `user_id`: Foreign key referencing the `users` table; it indicates which user wrote the review.
  - `book_id`: Foreign key referencing the `books` table; it indicates which book is being reviewed.
  - `rating`: An integer rating between 1 and 5 (validated using a CHECK constraint).
  - `review_text`: Text of the review (optional field).
  - `created_at`: Timestamp for when the review was created.
  - `updated_at`: Timestamp for when the review was last updated.
  - Foreign keys enforce referential integrity, ensuring that reviews can only reference existing users and books.
  - The unique constraint `(user_id, book_id)` ensures that a user can only submit one review per book."
public int getLength(String s) { return s.length(); // What if s is null? },Identify any null dereference risk:,"Example Code: def get_length(user): return len(user['name']) Risk: If 'user' is None, this will raise an error.","The code you provided has a potential null dereference risk. If the input string `s` is `null`, calling `s.length()` will throw a `NullPointerException` at runtime. To mitigate this risk, you can add a null check before accessing the `length()` method. Here's an example of how you could modify the method:

```java
public int getLength(String s) {
    if (s == null) {
        return 0; // or handle the null case as appropriate for your application
    }
    return s.length();
}
```

In this revised version, if `s` is `null`, the method returns `0` (or you could handle it in other ways depending on your requirements), thus avoiding a null dereference and making the code safer.","In both examples you've provided, there are clear risks of null dereference that could lead to runtime errors. Let's analyze each one:

### Python Code

```python
def get_length(user):
    return len(user['name'])
```

**Risk**: 
1. If the `user` variable is `None`, attempting to access `user['name']` will raise a `TypeError` because `None` is of type `NoneType` and does not support item access.
2. Additionally, if `user` is a dictionary but does not contain the key `'name'`, it will raise a `KeyError`.

**Mitigation**:
You can add checks to ensure that `user` is not `None` and that it contains the key `'name'`:

```python
def get_length(user):
    if user is None or 'name' not in user:
        return 0  # or handle the error appropriately
    return len(user['name'])
```

### Java Code

```java
public int getLength(String s) {
    return s.length(); // What if s is null?
}
```

**Risk**:
1. If the `String s` is `null`, calling `s.length()` will throw a `NullPointerException`.

**Mitigation**:
You can add a null check before calling `length()`:

```java
public int getLength(String s) {
    if (s == null) {
        return 0; // or handle the error appropriately
    }
    return s.length();
}
```

### Summary
In both cases, it's important to handle the possibility of `None` (in Python) or `null` (in Java) to avoid runtime errors. Always consider validating inputs before performing operations that assume they are non-null."
"def parse_csv_line(line): return line.split(',') # Incomplete: doesn't handle quoted fields",Improve the parser to support quoted fields:,"Example: Code: def parse_line(line): return line.strip().split(',') Corrected Code:import csvfrom io import StringIO def parse_line(line): reader = csv.reader(StringIO(line), skipinitialspace=True) return next(reader)","To improve the `parse_csv_line` function so that it can handle quoted fields in a CSV line, we can use the `csv` module from Python's standard library. The `csv` module is designed to read and write CSV files and it handles quoted fields, commas within quotes, and other complexities of CSV formatting properly.

Here's how you can implement the `parse_csv_line` function using the `csv` module:

```python
import csv
from io import StringIO

def parse_csv_line(line):
    # Use StringIO to simulate a file object for the csv.reader
    return list(csv.reader(StringIO(line)))[0]

# Example usage
line = 'name,""age, years"",location'
parsed_line = parse_csv_line(line)
print(parsed_line)
```

### Explanation:

1. **Importing Required Modules**: We're importing the `csv` module to handle CSV parsing and `StringIO` from the `io` module to create an in-memory file-like object.

2. **Using `StringIO`**: The `StringIO` class allows us to treat a string as a file. This is necessary because `csv.reader` expects a file-like object.

3. **Reading the CSV Line**: We use `csv.reader` to read the line. Since `csv.reader` returns an iterable of lists (one list for each row), we take the first element `[0]` to get the parsed fields of the single line.

4. **Returning the Result**: Finally, the function returns the list of parsed fields.

### Example Output:

When you run the example provided, it will output:

```
['name', 'age, years', 'location']
```

This demonstrates that the parser correctly handles quoted fields and ignores the commas within the quotes.","To improve the parser to support quoted fields in a CSV line, you can use the `csv` module in Python, which is designed to handle such cases correctly. Here's the corrected code, which demonstrates how to parse a line with potential quoted fields:

```python
import csv
from io import StringIO

def parse_line(line):
    # Create a CSV reader
    reader = csv.reader(StringIO(line), skipinitialspace=True)
    # Read the first row and return it
    return next(reader)

# Example usage
example_line = 'name,""age, years"",city'
parsed_line = parse_line(example_line)
print(parsed_line)  # Output: ['name', 'age, years', 'city']
```

### Explanation:
1. **Using `csv.reader`:** This function can handle quoted fields, commas inside quotes, and leading/trailing spaces, making it an ideal choice for parsing CSV data.
2. **`StringIO`:** This is used to treat the string `line` as a file-like object, which allows `csv.reader` to process it as if it were reading from a file.
3. **`next(reader)`:** This retrieves the first (and in this case, only) line from the CSV reader.

### Additional Notes:
- The `skipinitialspace=True` parameter ensures that any spaces following a delimiter are ignored.
- This approach will handle complex CSV data correctly, including cases where fields are quoted and contain commas."
"data class Product(val id: Int, val name: String, val price: Double) // TODO: Create GET and POST endpoints using Ktor",Convert the data class to a REST API using Ktor:,"Example: Code: data class User(val id: Int, val name: String, val email: String) Corrected Code: @Serializable data class User(val id: Int, val name: String, val email: String) val users = mutableListOf(User(1, 'Alice', 'alice@example.com'), User(2, 'Bob', 'bob@example.com')) fun main() {embeddedServer(Netty, port = 8080) {routing {get('/users') {call.respond(users)}get('/users/{id}') {val id = call.parameters['id']?.toIntOrNull() val user = users.find { it.id == id } if (user != null) call.respond(user) else call.respond(HttpStatusCode.NotFound, 'User not found') post('/users') {val newUser = call.receive<User>() users.add(newUser) call.respond(HttpStatusCode.Created, newUser)}.start(wait = true)}","To convert the `Product` data class into a REST API using Ktor, you'll need to set up a Ktor server, define the necessary routes for the GET and POST endpoints, and implement the logic to handle requests. Below is an example of how to do this:

### Step 1: Set up your Ktor project

Make sure you have the following dependencies in your `build.gradle.kts` file (for Kotlin DSL):

```kotlin
plugins {
    application
    kotlin(""plugin.serialization"") version ""1.7.10""
}

application {
    mainClass.set(""io.ktor.server.netty.EngineMain"")
}

repositories {
    mavenCentral()
}

dependencies {
    implementation(""io.ktor:ktor-server-core:2.2.0"")
    implementation(""io.ktor:ktor-server-netty:2.2.0"")
    implementation(""io.ktor:ktor-serialization-kotlinx-json:2.2.0"")
    implementation(""ch.qos.logback:logback-classic:1.2.10"")
}
```

### Step 2: Create the Ktor application

Create a file `Application.kt` and set up your Ktor server:

```kotlin
import io.ktor.application.*
import io.ktor.http.*
import io.ktor.response.*
import io.ktor.routing.*
import io.ktor.serialization.kotlinx.json.*
import io.ktor.server.application.*
import io.ktor.server.netty.*
import io.ktor.features.ContentNegotiation
import io.ktor.request.*
import kotlinx.serialization.Serializable
import kotlinx.serialization.json.Json

@Serializable
data class Product(val id: Int, val name: String, val price: Double)

// In-memory product storage
val products = mutableListOf<Product>()

fun main(args: Array<String>): Unit = EngineMain.main(args)

fun Application.module() {
    install(ContentNegotiation) {
        json(Json { prettyPrint = true; isLenient = true })
    }

    routing {
        route(""/products"") {
            // GET endpoint to retrieve all products
            get {
                call.respond(products)
            }

            // POST endpoint to add a new product
            post {
                val product = call.receive<Product>()
                products.add(product)
                call.respond(HttpStatusCode.Created, product)
            }
        }
    }
}
```

### Step 3: Run the application

Now that you've set up your application, you can run it. If you're using IntelliJ IDEA, you can run the main function, or you can use a terminal command depending on your setup.

### Step 4: Test the API

You can use tools like Postman or cURL to test the API.

1. **GET Request to Retrieve Products:**

```bash
curl -X GET http://localhost:8080/products
```

2. **POST Request to Add a New Product:**

```bash
curl -X POST http://localhost:8080/products -H ""Content-Type: application/json"" -d '{""id"": 1, ""name"": ""Sample Product"", ""price"": 19.99}'
```

### Conclusion

This basic setup creates a REST API for managing products using Ktor. The `GET` endpoint retrieves the list of products, while the `POST` endpoint allows you to add new products. You can expand this example by adding more endpoints, error handling, or database integration as needed.","To create a REST API with Ktor for the `Product` data class, we will follow a similar structure as the `User` example you provided. The `Product` class will be defined with the `@Serializable` annotation, and we will implement the necessary GET and POST endpoints to handle retrieving and adding products.

Here's the complete code for the REST API that includes both the `User` and `Product` classes:

```kotlin
import io.ktor.application.*
import io.ktor.features.ContentNegotiation
import io.ktor.http.HttpStatusCode
import io.ktor.jackson.jackson
import io.ktor.request.receive
import io.ktor.response.respond
import io.ktor.routing.*
import io.ktor.server.engine.embeddedServer
import io.ktor.server.netty.Netty
import kotlinx.serialization.Serializable

@Serializable
data class User(val id: Int, val name: String, val email: String)

@Serializable
data class Product(val id: Int, val name: String, val price: Double)

val users = mutableListOf(
    User(1, ""Alice"", ""alice@example.com""),
    User(2, ""Bob"", ""bob@example.com"")
)

val products = mutableListOf(
    Product(1, ""Laptop"", 999.99),
    Product(2, ""Smartphone"", 499.99)
)

fun main() {
    embeddedServer(Netty, port = 8080) {
        install(ContentNegotiation) {
            jackson { }
        }
        routing {
            // User endpoints
            get(""/users"") {
                call.respond(users)
            }
            get(""/users/{id}"") {
                val id = call.parameters[""id""]?.toIntOrNull()
                val user = users.find { it.id == id }
                if (user != null) {
                    call.respond(user)
                } else {
                    call.respond(HttpStatusCode.NotFound, ""User not found"")
                }
            }
            post(""/users"") {
                val newUser = call.receive<User>()
                users.add(newUser)
                call.respond(HttpStatusCode.Created, newUser)
            }

            // Product endpoints
            get(""/products"") {
                call.respond(products)
            }
            get(""/products/{id}"") {
                val id = call.parameters[""id""]?.toIntOrNull()
                val product = products.find { it.id == id }
                if (product != null) {
                    call.respond(product)
                } else {
                    call.respond(HttpStatusCode.NotFound, ""Product not found"")
                }
            }
            post(""/products"") {
                val newProduct = call.receive<Product>()
                products.add(newProduct)
                call.respond(HttpStatusCode.Created, newProduct)
            }
        }
    }.start(wait = true)
}
```

### Explanation:
1. **Data Classes**: Both the `User` and `Product` classes are marked with the `@Serializable` annotation to make them compatible with Ktor's serialization features.

2. **In-Memory Storage**: We use mutable lists for `users` and `products` to hold our data in memory.

3. **Ktor Setup**: We set up an embedded server using Netty and install the `ContentNegotiation` feature with Jackson for JSON serialization.

4. **Routing**: We define routes for both `User` and `Product`:
   - **GET `/users`**: Returns the list of all users.
   - **GET `/users/{id}`**: Returns a specific user by ID or a 404 if not found.
   - **POST `/users`**: Accepts a new user and adds it to the list.
   - **GET `/products`**: Returns the list of all products.
   - **GET `/products/{id}`**: Returns a specific product by ID or a 404 if not found.
   - **POST `/products`**: Accepts a new product and adds it to the list.

5. **Start the Server**: The server is started with `start(wait = true)` to keep it running.

### Testing the API:
You can test the API using tools like Postman or curl. For example:
- To get all users: `GET http://localhost:8080/users`
- To get a user by ID: `GET http://localhost:8080/users/1`
- To add a user: `POST http://localhost:8080/users` with JSON body `{""id"": 3, ""name"": ""Charlie"", ""email"": ""charlie@example.com""}`
- To get all products: `GET http://localhost:8080/products`
- To get a product by ID: `GET http://localhost:8080/products/1`
- To add a product: `POST http://localhost:8080/products` with JSON body `{""id"": 3, ""name"": ""Tablet"", ""price"": 299.99}`

This should cover the basics of creating a REST API using Ktor for both `User"
def reverse_words(sentence): return ' '.join(sentence.split()[::-1]),Write a brief summary of the function:,Example Code: def square(n): return n * n Explanation: This function returns the square of a number.,"The function `reverse_words(sentence)` takes a string input called `sentence`, splits it into individual words, reverses the order of those words, and then joins them back together into a single string with spaces in between. The result is a new string with the words in reverse order from the original sentence. For example, if the input is ""Hello World"", the output would be ""World Hello"".","The `reverse_words` function takes a string input called `sentence`, splits it into individual words, reverses the order of those words, and then joins them back together into a single string. The result is the original sentence with the words arranged in reverse order."
"# This function checks if a number is prime def is_prime(n): if n <= 1: return False for i in range(2, int(n**0.5)+1): if n % i == 0: return False return True",Write a prompt that could generate the code.,Example Code: def square(n): return n * n Prompt: Create a python function that returns the square of a number.,"Sure! Here’s a prompt that could generate the given function code:

---

**Prompt:**

Write a Python function named `is_prime` that takes an integer `n` as an argument and returns `True` if the number is prime and `False` otherwise. A prime number is defined as a number greater than 1 that has no positive divisors other than 1 and itself. Include the following logic in your function:

1. If `n` is less than or equal to 1, return `False`.
2. Loop through all integers from 2 up to the square root of `n` (inclusive).
3. If `n` is divisible by any of these integers, return `False`.
4. If no divisors are found, return `True`.

---

This prompt clearly outlines the requirements and logic needed to create the `is_prime` function.",Prompt: Write a Python function that checks if a given number is prime. The function should return `True` if the number is prime and `False` otherwise.
"def factorial(n): result = 1 for i in range(1, n): result *= i return result",Fix the bug when input is 0:,"Example: def divide(a, b): return a / b Corrected Code:def divide(a, b): if b == 0: raise ValueError('Denominator cannot be zero.') return a / b","The issue with the provided `factorial` function is that it does not handle the case when the input `n` is `0`. By definition, the factorial of `0` is `1`. Additionally, the loop in the current implementation does not include `n` itself, which is also incorrect for values of `n` greater than `0`.

Here’s how you can fix the code:

```python
def factorial(n):
    if n < 0:
        raise ValueError(""Factorial is not defined for negative numbers."")
    result = 1
    for i in range(1, n + 1):  # Include n in the range
        result *= i
    return result
```

### Explanation:
1. **Handle `0` case**: The function will correctly return `1` when `n` is `0` because the loop does not execute, leaving `result` as `1`.
2. **Correct Loop Range**: The loop now iterates from `1` to `n` inclusive (`n + 1`), ensuring all numbers up to `n` are multiplied.
3. **Negative Input Handling**: The function raises an error for negative inputs, as factorials for negative numbers are not defined.

### Example Usage:

```python
print(factorial(0))  # Output: 1
print(factorial(5))  # Output: 120
print(factorial(-1)) # Raises ValueError
```","It looks like you want to fix the `factorial` function to handle the case when the input is `0`, as the current implementation will not return the correct result for that input. The factorial of `0` is defined to be `1`. 

Below is the corrected version of the `factorial` function, which includes a check for when `n` is `0`:

```python
def factorial(n):
    if n < 0:
        raise ValueError('Factorial is not defined for negative numbers.')
    result = 1
    for i in range(1, n + 1):  # Changed to n + 1 to include n in the multiplication
        result *= i
    return result
```

### Explanation of Changes:
1. **Check for negative input**: Added a check to raise a `ValueError` if `n` is negative, since factorials are not defined for negative integers.
2. **Inclusive range**: Changed the `range(1, n)` to `range(1, n + 1)`, so that the loop includes `n` in the multiplication.

### Example usage:
```python
print(factorial(0))  # Output: 1
print(factorial(5))  # Output: 120
print(factorial(-1))  # Raises ValueError
```

This will ensure that the function behaves correctly for both `0` and positive integers, while also handling the case of negative input appropriately."
"struct Node { int data; struct Node* next; }; void deleteNode(struct Node** head, int key) { // TODO: Implement node deletion }",Implement node deletion by value:,Example: Task: Explain what this function does. Code: def square(n): return n * n Explanation: This function returns the square of a number.,"To implement the node deletion by value in a singly linked list in C, you can follow these steps:

1. Traverse the list to find the node to delete.
2. Keep track of the previous node so that you can adjust the `next` pointer when the node to delete is found.
3. If the node to delete is found, adjust the pointers and free the memory associated with the node.

Here's how you can implement the `deleteNode` function:

```c
#include <stdio.h>
#include <stdlib.h>

struct Node {
    int data;
    struct Node* next;
};

// Function to delete a node with a given key
void deleteNode(struct Node** head, int key) {
    // If the linked list is empty
    if (*head == NULL) {
        return;
    }

    // Store the head node
    struct Node* temp = *head;
    
    // If the node to be deleted is the head node
    if (temp != NULL && temp->data == key) {
        *head = temp->next; // Change head
        free(temp); // Free old head
        return;
    }

    // Search for the key to be deleted, keep track of the previous node
    struct Node* prev = NULL;
    while (temp != NULL && temp->data != key) {
        prev = temp;
        temp = temp->next;
    }

    // If the key was not present in the linked list
    if (temp == NULL) {
        return;
    }

    // Unlink the node from the linked list
    prev->next = temp->next;

    free(temp); // Free memory
}

// Helper function to create a new node
struct Node* newNode(int data) {
    struct Node* node = (struct Node*)malloc(sizeof(struct Node));
    node->data = data;
    node->next = NULL;
    return node;
}

// Helper function to print the linked list
void printList(struct Node* node) {
    while (node != NULL) {
        printf(""%d -> "", node->data);
        node = node->next;
    }
    printf(""NULL\n"");
}

// Example usage
int main() {
    struct Node* head = newNode(1);
    head->next = newNode(2);
    head->next->next = newNode(3);
    head->next->next->next = newNode(4);

    printf(""Original list: "");
    printList(head);

    deleteNode(&head, 3);
    printf(""After deleting 3: "");
    printList(head);

    deleteNode(&head, 1);
    printf(""After deleting 1: "");
    printList(head);

    deleteNode(&head, 5); // Trying to delete a non-existing value
    printf(""After trying to delete 5 (non-existing): "");
    printList(head);

    // Free remaining nodes
    deleteNode(&head, 2);
    deleteNode(&head, 4);
    
    return 0;
}
```

### Explanation:
- **Node Structure**: We define the `Node` structure with data and a pointer to the next node.
- **deleteNode Function**: This function takes a double pointer to the head of the list and the key to be deleted:
  - It first checks if the list is empty.
  - If the head node contains the key, it updates the head pointer and frees the head.
  - It then traverses the list to find the key, keeping track of the previous node.
  - If the key is found, it unlinks the node from the list and frees the memory.
- **Helper Functions**: We have `newNode` to create a new node and `printList` to print the current state of the list.
- **Main Function**: We create a simple list, delete nodes, and print the list to demonstrate the functionality.

This implementation ensures that the linked list is updated correctly after the deletion of a node by value.","The provided code defines a structure for a singly linked list node and outlines a function intended to delete a node from the linked list based on a specified value (key). However, the actual implementation of the `deleteNode` function is missing. Below is an explanation of what the function is intended to do, followed by an implementation of the function for node deletion by value.

### Explanation of the Function

**Function Purpose**: 
The `deleteNode` function aims to remove a node with a specific value (key) from a singly linked list. The function takes two parameters:
- `struct Node** head`: A pointer to the pointer of the head node of the linked list. This allows the function to modify the head of the list if the node to be deleted is the first node.
- `int key`: The value of the node that needs to be deleted from the list.

**Behavior**:
1. **Traverse the List**: The function will traverse the linked list to find the first occurrence of a node containing the value specified by `key`.
2. **Update Pointers**: If the node is found, it updates the pointers of the previous node to skip over the node being deleted, effectively removing it from the linked list.
3. **Free Memory**: If the node to be deleted is found, the function should also free the memory allocated for that node to prevent memory leaks.
4. **Handle Edge Cases**: The function must handle special cases, such as when the list is empty, when the node to be deleted is the head node, or when the node with the specified value is not found.

### Implementation

Below is an implementation of the `deleteNode` function:

```c
#include <stdio.h>
#include <stdlib.h>

struct Node {
    int data;
    struct Node* next;
};

void deleteNode(struct Node** head, int key) {
    struct Node* temp = *head;  // Temporary pointer to traverse the list
    struct Node* prev = NULL;    // Pointer to keep track of the previous node

    // If the list is empty
    if (temp == NULL) {
        return; // Nothing to delete
    }

    // Check if the head node is the one to be deleted
    if (temp != NULL && temp->data == key) {
        *head = temp->next; // Change head
        free(temp);         // Free the old head
        return;
    }

    // Traverse the list to find the key
    while (temp != NULL && temp->data != key) {
        prev = temp;         // Keep track of the previous node
        temp = temp->next;   // Move to the next node
    }

    // If the key was not present in the list
    if (temp == NULL) {
        return; // Key not found
    }

    // Unlink the node from the linked list
    prev->next = temp->next;

    // Free memory
    free(temp);
}

// Helper function to create a new node
struct Node* newNode(int data) {
    struct Node* node = (struct Node*)malloc(sizeof(struct Node));
    node->data = data;
    node->next = NULL;
    return node;
}

// Helper function to print the linked list
void printList(struct Node* node) {
    while (node != NULL) {
        printf(""%d -> "", node->data);
        node = node->next;
    }
    printf(""NULL\n"");
}

// Example usage
int main() {
    struct Node* head = newNode(1);
    head->next = newNode(2);
    head->next->next = newNode(3);

    printf(""Original List: "");
    printList(head);

    deleteNode(&head, 2); // Deleting node with value 2

    printf(""List after deleting 2: "");
    printList(head);

    // Clean up remaining nodes
    deleteNode(&head, 1);
    deleteNode(&head, 3);

    return 0;
}
```

### Summary
In summary, the `deleteNode` function is designed to find and remove a node with a specific value from a linked list while managing memory properly to avoid leaks. The implementation provided includes handling for various scenarios, such as deleting the head node and ensuring that the list remains intact if the key is not found."
def fibonacci(n): # TODO: Base cases and recursive call pass,Complete the recursive function for Fibonacci:,Example Code: def square(n): #TODO: Complete the function to return the square of a number Corrected Code: def square(n): return n * n,"Sure! Here's a complete implementation of the Fibonacci function using recursion, including the base cases and the recursive call:

```python
def fibonacci(n):
    # Base cases
    if n <= 0:
        return 0
    elif n == 1:
        return 1
    # Recursive call
    else:
        return fibonacci(n - 1) + fibonacci(n - 2)

# Example usage:
print(fibonacci(5))  # Output: 5
print(fibonacci(10)) # Output: 55
```

### Explanation:
- The function `fibonacci(n)` computes the nth Fibonacci number.
- The base cases handle `n = 0` and `n = 1`, returning 0 and 1 respectively.
- For any other positive integer `n`, the function calls itself recursively to calculate the Fibonacci numbers for `n-1` and `n-2`, and sums them up. 

This implementation will correctly compute Fibonacci numbers, but keep in mind that it is not the most efficient way due to its exponential time complexity. For larger values of `n`, consider using memoization or an iterative approach to improve performance.","To complete the recursive function for Fibonacci, you need to define the base cases and the recursive call for the Fibonacci sequence. The Fibonacci sequence is defined as follows:

- `fibonacci(0) = 0`
- `fibonacci(1) = 1`
- For `n > 1`: `fibonacci(n) = fibonacci(n - 1) + fibonacci(n - 2)`

Here's the completed code for the `fibonacci` function:

```python
def fibonacci(n):
    # Base cases
    if n == 0:
        return 0
    elif n == 1:
        return 1
    # Recursive call
    else:
        return fibonacci(n - 1) + fibonacci(n - 2)
```

With this implementation, calling `fibonacci(n)` will correctly compute the nth Fibonacci number using recursion."
"class Person: def __init__(self): # TODO: Add name, age, and optional email pass",Complete the class constructor:,Example Code: def __init__(Account) #TODO: Add name balance and email Corrected Code: def __init__(Account) self.name = name self.balance = balance self.email = email,"To complete the `Person` class constructor with attributes for `name`, `age`, and an optional `email`, you can modify the `__init__` method like this:

```python
class Person:
    def __init__(self, name, age, email=None):
        self.name = name
        self.age = age
        self.email = email
```

### Explanation:
- `name` and `age` are required parameters when creating an instance of the `Person` class.
- `email` is an optional parameter, which defaults to `None` if not provided.
- Inside the `__init__` method, the parameters are assigned to instance variables (`self.name`, `self.age`, and `self.email`).

### Example Usage:
```python
# Creating a Person instance with all attributes
person1 = Person(""Alice"", 30, ""alice@example.com"")

# Creating a Person instance without an email
person2 = Person(""Bob"", 25)

print(person1.name, person1.age, person1.email)  # Output: Alice 30 alice@example.com
print(person2.name, person2.age, person2.email)  # Output: Bob 25 None
```","To complete the `__init__` method for the `Person` class, you need to add parameters for `name`, `age`, and an optional `email`. Here's how you can implement that:

```python
class Person:
    def __init__(self, name, age, email=None):
        self.name = name
        self.age = age
        self.email = email
```

### Explanation:
- `name` and `age` are required parameters.
- `email` is an optional parameter, which defaults to `None` if not provided.
- Inside the `__init__` method, we assign these parameters to instance variables (`self.name`, `self.age`, and `self.email`)."
"public int binarySearch(int[] arr, int target) { int left = 0, right = arr.length- 1; while (left <= right) { int mid = (left + right) / 2; // TODO: Compare and adjust bounds } return-1; }",Complete the binary search implementation:,Example Code: def square(n): #TODO: Complete the function to return the square of a number Corrected Code: def square(n): return n * n,"Sure! Here's a complete implementation of the binary search algorithm in Java. The code compares the middle element of the array with the target value and adjusts the bounds accordingly:

```java
public int binarySearch(int[] arr, int target) {
    int left = 0, right = arr.length - 1;

    while (left <= right) {
        int mid = (left + right) / 2;

        if (arr[mid] == target) {
            return mid; // Target found, return the index
        } else if (arr[mid] < target) {
            left = mid + 1; // Target is in the right half
        } else {
            right = mid - 1; // Target is in the left half
        }
    }

    return -1; // Target not found
}
```

### Explanation:
- We initialize `left` to the start of the array and `right` to the end.
- In each iteration of the while loop:
  - We calculate the middle index `mid`.
  - If the middle element is equal to the target, we return the index.
  - If the middle element is less than the target, we move the `left` boundary to `mid + 1`, effectively discarding the left half of the search space.
  - If the middle element is greater than the target, we move the `right` boundary to `mid - 1`, discarding the right half of the search space.
- If the loop exits without finding the target, we return `-1`, indicating that the target is not in the array. 

This implementation assumes that the input array `arr` is sorted in ascending order.","To complete the binary search implementation in Java, you need to compare the element at the midpoint (`mid`) with the `target`. If the element at `mid` is equal to the `target`, you return `mid`. If the element at `mid` is less than the `target`, you adjust the `left` bound to `mid + 1`. If the element at `mid` is greater than the `target`, you adjust the `right` bound to `mid - 1`. Here’s the corrected code:

```java
public int binarySearch(int[] arr, int target) {
    int left = 0;
    int right = arr.length - 1;
    
    while (left <= right) {
        int mid = (left + right) / 2;
        
        // Compare the middle element with the target
        if (arr[mid] == target) {
            return mid; // Target found
        } else if (arr[mid] < target) {
            left = mid + 1; // Search in the right half
        } else {
            right = mid - 1; // Search in the left half
        }
    }
    
    return -1; // Target not found
}
```

### Explanation:
1. **Initialization**: `left` is initialized to the start of the array, and `right` is initialized to the end of the array.
2. **Loop**: The while loop continues as long as `left` is less than or equal to `right`.
3. **Midpoint Calculation**: The midpoint (`mid`) is calculated as the average of `left` and `right`.
4. **Comparison**:
   - If `arr[mid]` equals `target`, the index `mid` is returned.
   - If `arr[mid]` is less than `target`, the search continues in the right half (`left` is updated to `mid + 1`).
   - If `arr[mid]` is greater than `target`, the search continues in the left half (`right` is updated to `mid - 1`).
5. **Return Value**: If the target is not found after the loop ends, `-1` is returned, indicating that the target is not in the array."
// Supposed to return true if x is even bool isOdd(int x) { return x % 2 == 0; // Logic contradicts function name },Resolve inconsistency between function name and logic:,"Example Code: int sum(int a, int b) { return a * b; } Corrected Code: int product(int a, int b) { return a * b; }","The function name `isOdd` suggests that it should return `true` if the integer `x` is odd. However, the logic inside the function checks if `x` is even (`x % 2 == 0`), which contradicts the name. To resolve this inconsistency, you can either rename the function to reflect its actual behavior or fix the logic to match the intended name.

### Option 1: Rename the Function
If you want to keep the logic as is (checking for even numbers), you should rename the function to `isEven`:

```cpp
bool isEven(int x) {
    return x % 2 == 0; // Correct logic for even check
}
```

### Option 2: Fix the Logic
If you want the function to determine if a number is odd, you need to change the logic to check for odd numbers:

```cpp
bool isOdd(int x) {
    return x % 2 != 0; // Correct logic for odd check
}
```

Choose one of the options based on your intent for the function.","To resolve the inconsistency between the function name and its logic in the provided example, we need to ensure that the function name accurately reflects what the function is actually doing. Here's how to correct the code:

### Original Code:
```cpp
// Supposed to return true if x is even
bool isOdd(int x) { 
    return x % 2 == 0; // Logic contradicts function name 
}
```

### Corrected Code:
To fix the inconsistency, we can either change the function name to reflect that it checks for evenness or correct the logic to accurately reflect ""odd.""

1. **Option 1: Change the Function Name to Reflect Evenness**
   ```cpp
   // Corrected function name to indicate it checks for even numbers
   bool isEven(int x) { 
       return x % 2 == 0; // Now the logic matches the name
   }
   ```

2. **Option 2: Keep the Function Name and Correct the Logic**
   ```cpp
   // Corrected logic to reflect that the function checks for odd numbers
   bool isOdd(int x) { 
       return x % 2 != 0; // Now the logic matches the function name
   }
   ```

Choose either option based on the intended functionality of the code. If the function is supposed to check for even numbers, use Option 1. If it is meant to check for odd numbers, use Option 2."
"function isEven(n) { return n % 2; // Returns 1 or 0, not true/false }",Identify and fix the bug:,Example code: isDivisibleBy3(int n) { return n % 3; } Corrected Code: isDivisibleBy3(int n) { return n % 3 == 0; },"The bug in the `isEven` function is that it returns the result of `n % 2`, which gives `0` for even numbers and `1` for odd numbers. However, the expected behavior is to return `true` for even numbers and `false` for odd numbers.

To fix the function, you need to check if the result of `n % 2` is equal to `0` (which means the number is even) and return `true` or `false` accordingly.

Here's the corrected version of the function:

```javascript
function isEven(n) {
    return n % 2 === 0; // Returns true for even numbers, false for odd numbers
}
```

With this change, the function will return `true` for even numbers and `false` for odd numbers as intended.","The bug in the `isEven` function is similar to the one you identified in the `isDivisibleBy3` function. The original implementation returns the result of `n % 2`, which will yield `1` (true) for odd numbers and `0` (false) for even numbers, but it does not return a boolean value (`true` or `false`).

To fix this bug, you should compare the result of `n % 2` to `0`. Here’s the corrected code:

```javascript
function isEven(n) {
    return n % 2 === 0; // Returns true for even numbers and false for odd numbers
}
```

With this correction, the `isEven` function will correctly return `true` for even numbers and `false` for odd numbers."
"// Function that validates an input, calculates square, and returns result int process(int x) { if (x < 0) return-1; return x * x; }",Decompose the high-level comment/summary into logical steps:,"Example: This code takes in two numbers and returns their sum. Code: def add(a, b): return a + b Explanation: The function takes two parameters, a and b, and returns their sum.","To decompose the high-level comment/summary into logical steps, we can break down the functionality of the given code snippet into the following steps:

1. **Define the Function**: 
   - Start by defining a function named `process` that takes an integer parameter `x`.

2. **Check for Valid Input**: 
   - Inside the function, check if the input `x` is less than 0 (i.e., negative).
   - If `x` is negative, return a specific value, which is `-1`, indicating that the input is invalid.

3. **Calculate the Square**: 
   - If `x` is not negative (i.e., it is zero or positive), proceed to calculate the square of `x`.
   - Perform the calculation by multiplying `x` by itself (`x * x`).

4. **Return the Result**: 
   - Return the result of the square calculation to the caller of the function.

This breakdown logically outlines the steps taken in the function to achieve its goal of validating the input, calculating the square if valid, and returning the appropriate result.","To decompose the high-level comment/summary into logical steps for the provided code, we can break it down as follows:

### High-Level Summary:
This code validates an input number and returns its square if the input is non-negative; otherwise, it returns -1.

### Logical Steps:
1. **Function Definition**: The function is named `process` and takes one parameter `x` of type `int`.
2. **Input Validation**: The function checks if the input number `x` is less than 0.
   - If `x` is less than 0, the function returns -1, indicating that the input is invalid.
3. **Calculation**: If the input number `x` is non-negative (i.e., 0 or greater), the function calculates the square of `x` by multiplying `x` by itself (i.e., `x * x`).
4. **Return Result**: The function returns the calculated square of `x`.

### Code Explanation:
```c
int process(int x) { 
    if (x < 0) 
        return -1; // Input is invalid, return -1
    return x * x; // Return the square of x for valid input
}
```

In summary, the function processes an integer input by first validating it and then either returning -1 for invalid inputs or the square of the number for valid inputs."
def calculate_average(scores): total = 0 # TODO: Complete to return average pass,Complete the function based on intent,Example Code: def sum_of_evens(n): #TODO: Complete to return sum of even numbers Corrected Code: return sum(i for i in range(n) if i % 2 == 0),"To complete the `calculate_average` function so that it returns the average of the scores, you can follow these steps:

1. Calculate the total sum of the scores.
2. Count the number of scores.
3. Return the average by dividing the total sum by the number of scores.

Here's how you can implement it:

```python
def calculate_average(scores):
    total = sum(scores)  # Calculate the total sum of scores
    count = len(scores)   # Get the number of scores
    
    if count == 0:       # Check to avoid division by zero
        return 0
    
    average = total / count  # Calculate the average
    return average           # Return the average
```

You can use this function to calculate the average of a list of scores. For example:

```python
scores = [90, 80, 70, 60]
average_score = calculate_average(scores)
print(average_score)  # Output will be 75.0
``` 

This function handles the case where there are no scores to avoid division by zero by returning 0.","To complete the function `calculate_average(scores)` so that it returns the average of the given list of scores, you can follow these steps:

1. Calculate the total sum of the scores.
2. Count the number of scores.
3. Return the average by dividing the total by the count.

Here's the corrected code:

```python
def calculate_average(scores):
    total = sum(scores)  # Calculate the total sum of the scores
    count = len(scores)  # Count the number of scores
    return total / count if count > 0 else 0  # Return the average, handle division by zero
```

This code calculates the average of the scores while also ensuring that if the list is empty, it returns 0 to avoid division by zero."
"# utils.py-Script to parse and summarize numeric CSV files import csv def read_csv(filepath): with open(filepath, r) as f: return [row for row in csv.reader(f)] def summarize_column(data, index): values = [float(row[index]) for row in data[1:]] # skip header total = sum(values) avg = total / len(values) return total, avg def main(): filepath = 'data.csv' data = read_csv(filepath) total, avg = summarize_column(data, 1) print(""Total:"", total) print(""Average:"", avg) if __name__ == __main__: main()","Analyze the following utility script. Identify any potential logic issues or design flaws. Then, refactor it for better readability, correctness, and safety","Example Code: def divide(a, b): return a / b def main(): x = int(input('Enter numerator: ')) y = int(input('Enter denominator: ')) print('Result:', divide(x, y)) main() Explanation: Logic issue: No error handling for division by zero or invalid input. Design flaw: All logic is in main(); better separation of concerns is recommended. Safety issue: Direct use of input() without validation can crash the program. Corrected Code:def safe_divide(a, b): if b == 0: return 'Error: Division by zero.' return a / b def get_int(prompt): while True: try: return int(input(prompt)) except ValueError: print('Please enter a valid integer.') def main(): x = get_int('Enter numerator: ') y = get_int('Enter denominator: ') print('Result:', safe_divide(x, y)) if __name__ == '__main__': main()","The provided utility script for parsing and summarizing numeric CSV files has several potential issues and design flaws. Here’s a breakdown of those issues, followed by a refactored version of the script.

### Issues Identified:

1. **File Opening**: The script uses an incorrect quotation mark style (`’` instead of `'`), which will cause a syntax error.
2. **Error Handling**: There is no error handling for file operations (e.g., file not found) or for data parsing (e.g., non-numeric values).
3. **Hardcoded File Path**: The file path is hardcoded, which reduces flexibility. It would be better to allow the user to specify the file path.
4. **Assumption of Numeric Data**: The script assumes that all data in the specified column can be converted to float. If there are non-numeric values, it will raise an error.
5. **Indexing**: The script does not check if the provided column index exists in the data, which could lead to an `IndexError`.
6. **Return Values**: The `summarize_column` function could return more useful statistics (e.g., count of values).
7. **Global Scope**: Using the `main()` function directly in the global scope is usually not recommended for readability and maintainability.
8. **Print Output**: It mixes logic and output, which can make testing difficult.

### Refactored Code:

Here is a refactored version of the script that addresses the identified issues:

```python
import csv
import os

def read_csv(filepath):
    """"""Reads a CSV file and returns its content as a list of rows.""""""
    if not os.path.isfile(filepath):
        raise FileNotFoundError(f""The file {filepath} does not exist."")
    
    with open(filepath, 'r') as f:
        return [row for row in csv.reader(f)]

def summarize_column(data, index):
    """"""Summarizes numeric values in a specified column index.""""""
    if index < 0 or index >= len(data[0]):
        raise IndexError(""Column index is out of range."")
    
    values = []
    for row in data[1:]:  # Skip header
        try:
            values.append(float(row[index]))
        except (ValueError, IndexError) as e:
            print(f""Skipping row {row} due to error: {e}"")

    if not values:
        return 0, 0  # Avoid division by zero if no valid values

    total = sum(values)
    avg = total / len(values)
    return total, avg

def main(filepath):
    """"""Main function to read CSV and summarize a specific column.""""""
    data = read_csv(filepath)
    total, avg = summarize_column(data, 1)  # Assuming we want to summarize the second column
    print(""Total:"", total)
    print(""Average:"", avg)

if __name__ == '__main__':
    filepath = input(""Enter the path to the CSV file: "")
    main(filepath)
```

### Improvements Made:

1. **Error Handling**: Added checks for file existence and value conversion errors.
2. **Dynamic File Path**: The script now prompts the user for the CSV file path.
3. **Index Check**: Included a check for valid column indices to prevent `IndexError`.
4. **Flexible Value Summarization**: It handles non-numeric data gracefully by skipping problematic rows.
5. **Documentation**: Added docstrings to functions for clarity.
6. **Separation of Concerns**: The main function is separated from the script logic, making it easier to test and maintain. 

This refactoring enhances the readability, correctness, and safety of the original script.","Let's analyze the provided `utils.py` script and identify potential logic issues, design flaws, and safety concerns. Following that, I'll provide a refactored version for better readability, correctness, and safety.

### Analysis of the Original Code

1. **Error Handling**:
   - The script lacks error handling for file operations. If `data.csv` does not exist or is inaccessible, the program will raise an unhandled exception.
   - There is no error handling for the conversion of values to floats in `summarize_column`. If any value in the specified column cannot be converted to a float, the program will crash.

2. **Assumptions**:
   - It assumes that the CSV file has at least two columns and that the specified index (1 in this case) exists. If the CSV has fewer columns or is empty, it will raise an error.

3. **Hardcoded File Path**:
   - The file path is hardcoded, which reduces flexibility. It would be better to allow the user to specify the path.

4. **Separation of Concerns**:
   - The `main` function handles both reading the file and summarizing the data, which can be separated into distinct functions for better readability and maintainability.

### Refactored Code

Here’s a refactored version of the script that addresses the aforementioned issues:

```python
import csv
import os

def read_csv(filepath):
    """"""Reads a CSV file and returns its content as a list of rows.""""""
    if not os.path.exists(filepath):
        raise FileNotFoundError(f""Error: The file '{filepath}' does not exist."")
    
    with open(filepath, 'r', newline='') as f:
        return [row for row in csv.reader(f)]

def summarize_column(data, index):
    """"""Calculates the total and average of a specific column in the data.""""""
    if len(data) <= 1:
        raise ValueError(""Error: The CSV file is empty or has no data rows."")
    
    try:
        values = [float(row[index]) for row in data[1:]]  # Skip header
    except (IndexError, ValueError) as e:
        raise ValueError(f""Error: Unable to process column index {index}."") from e
    
    total = sum(values)
    avg = total / len(values) if values else 0
    return total, avg

def main():
    filepath = input(""Enter the path to the CSV file: "")
    try:
        data = read_csv(filepath)
        column_index = 1  # Change this if necessary
        total, avg = summarize_column(data, column_index)
        print(""Total:"", total)
        print(""Average:"", avg)
    except (FileNotFoundError, ValueError) as e:
        print(e)

if __name__ == '__main__':
    main()
```

### Improvements Made

1. **Error Handling**:
   - Added checks for file existence and content validity.
   - Used try-except blocks to catch and report specific errors gracefully.

2. **Dynamic File Path**:
   - The file path is now entered by the user, making the script more flexible.

3. **Separation of Concerns**:
   - The code is organized into functions that each handle a specific responsibility (reading, summarizing, and main execution).

4. **Documentation**:
   - Added docstrings to functions to improve readability and provide clarity about their purpose.

5. **Safety**:
   - Included checks to ensure that the CSV file has data and that the specified column index is valid, preventing potential crashes.

This refactored version is more robust, user-friendly, and maintainable while addressing the identified issues."
